/support-a-vis-pour-mosaic-celiane-ou-soliroc-pour-1-poste-ou-2-modules-p-4811.html,
/prise-courant-francais-celiane-250v-bornes-auto-p-7831.html,
/vaetvient-commande-celiane-vitesses-p-7782.html,
/support-pour-fixation-batibox-montage-horizvert-pour-postes-p-4808.html,
/prise-prog-mosaic-droite-blanc-p-4560.html,
/enjoliveur-celiane-prise-precableebornes-autoagrave-visprisinter-blanc-p-7440.html,
/plaque-prog-mosaic-blanc-p-4762.html,
/prise-avec-eclips-protection-prog-plexo-complet-saillie-gris-p-9111.html,
/support-pour-fixation-batibox-montage-horizvert-pour-postes-p-4809.html,
/ecovariateur-toutes-charges-fils-programme-celiane-habiller-p-217348.html,
/poussoir-inverseur-celiane-contact-nonf-p-7798.html,
/enjoliveur-celiane-vaetvient-poussoir-blanc-p-7371.html,
/odace-prise-courant-blanc-connexion-rapide-p-103089.html,
/plaque-celiane-neutre-poste-blanc-p-297510.html,
/prise-rj45-prog-celiane-lcs2-p-15325.html,
/prise-rj45-prog-mosaic-blanc-lcs2-p-15383.html,
/peigne-verticale-debflex-superposable-blanc-p-473912.html,
/ccpi-tri-60a-3p-n-avec-fouet-p-473006.html,
/aqualix2-ventillo-convecteur-horizontal-reprise-dessous-sans-thermostat-chb-t65-p-472522.html,
/aqualix2-ventillo-convecteur-horizontal-reprise-dessous-sans-thermostat-chb-t50-p-472521.html,
/aqualix2-ventillo-convecteur-horizontal-reprise-dessous-sans-thermostat-chb-t45-p-472520.html,
/aqualix2-ventillo-convecteur-horizontal-reprise-dessous-sans-thermostat-chb-t35-p-472519.html,
